{
  "use_cache": true,
  "alert_region": {
    "r1": [[0, 260], [40, 260], [40, 500], [0, 500]],
    "r2": [[40, 310], [100, 310], [100, 370], [40, 370]],
    "r3": [[40, 370], [170, 370], [170, 500], [40, 500]],
    "r4": [[550, 350], [592, 350], [592, 180], [390, 180], [390, 240]],
    "r5": [[550, 580], [592, 580], [592, 440], [550, 440]]
  },
  "game_ground_size": [28, 15],
  "label_points_cache":  {
    "red_base": [252.79998779296875, 217.72499084472656],
    "blue_outpost": [805.7999877929688, 275.72499084472656],
    "b_rt": [287.79998779296875, 417.72499084472656],
    "b_lt": [214.79998779296875, 421.72499084472656]
  },
  "frontend_label_view_size_cache": [900, 540],
  "real_world_label_points": {
    "red_base": [1.76, -7.461, 1.12],
    "blue_outpost": [16.776, -2.435, 1.76],
    "red_outpost": [11.176, -12.565, 1.76],
    "blue_base": [26.162, -7.461, 1.12],
    "r_rt": [8.805, -6.388, 0.615],
    "r_lt": [8.805, -5.728, 0.615],
    "b_rt": [19.2, -8.612, 0.615],
    "b_lt": [19.2, -9.272, 0.615]
  },
  "robot_classes": ["B1", "B2", "B3", "B4", "B5", "B7", "R1", "R2", "R3", "R4", "R5", "R7"],
  "image": {
    "height": 2064,
    "width": 3088
  },
  "blur_image_size": [500, 500],
  "max_trail_queue_size": 100,
  "lost_target_need_predict_ticks": 10,
  "map_points": [],
  "fusion_region_shape": [30, 30],
  "camera_intrinsic_matrix": [
    [4.2642871e+03, 0.0000000e+00, 1.4872339e+03],
    [0.0000000e+00, 4.2597324e+03, 1.0116344e+03],
    [0.0000000e+00, 0.0000000e+00, 1.0000000e+00]
  ],
  "camera_dist": [-3.2355103e-01, -1.0432668e+00, 3.4719871e-04, 1.4488444e-04, 7.4853411e+00],
  "lidar_rotation_vector": [
    [-0.00725592,-0.999956,0.00591097],
    [0.0116899,-0.00599555,-0.999914],
    [0.999905,-0.0071862,0.0117329]
  ],
  "lidar_transition_vector": [0.0690046, -0.00487172, -0.15865],
  "lidar_extrinsic": [
    [-0.17591195, -0.9840016, 0.02821108, -0.08982877],
    [-0.0060904, -0.02756952, -0.99960136, 0.01634772],
    [ 0.98438704, -0.17601363, -0.00114316, -0.02391074],
    [ 0, 0, 0, 1]
  ],
  "device_extrinsic": [
    [ 2.23849176e-01, 1.25282902e-01, -9.66538018e-01, 2.93273032e+01],
    [ 9.73537863e-01, 1.80588284e-02, 2.27811122e-01, -9.84504836e+00],
    [ 4.59953827e-02, -9.91956689e-01, -1.17925195e-01, 3.31741731e+00],
    [ 0.00000000e+00, 0.00000000e+00, 0.00000000e+00, 1.00000000e+00]
  ],
  "world_position": [
    {
      "key": "",
      "position": [0, 0, 0]
    }
  ],
  "saved_point_cloud_path": "F:/Python/GlobalRadar/backend/resource/pcd",
  "duration": 20,
  "wait_seconds": 0.1,
  "read_pcd_path": "demo_pc.pkl",
  "read_bev_path": "map.jpg"
}