{
  "alert_region": {
    "r1": [[0, 260], [40, 260], [40, 500], [0, 500]],
    "r2": [[40, 310], [100, 310], [100, 370], [40, 370]],
    "r3": [[40, 370], [170, 370], [170, 500], [40, 500]],
    "r4": [[550, 350], [592, 350], [592, 180], [390, 180], [390, 240]],
    "r5": [[550, 580], [592, 580], [592, 440], [550, 440]]
  },
  "robot_classes": ["B1", "B2", "B3", "B4", "B5", "B7", "R1", "R2", "R3", "R4", "R5", "R7"],
  "image": {
    "height": 1107,
    "width": 592
  },
  "blur_image_size": [500, 500],
  "max_trail_queue_size": 100,
  "lost_target_need_predict_ticks": 10,
  "map_points": [],
  "fusion_region_shape": [30, 30],
  "camera_intrinsic_matrix": [
    [1436.2, 0, 1186.74],
    [0, 1436.2, 678.66],
    [0, 0, 1]
  ],
  "camera_dist": [-0.1742, 0.0218, -0.0001, 0.000000, 0.0032],
  "lidar_rotation_vector": [
    [-0.00725592,-0.999956,0.00591097],
    [0.0116899,-0.00599555,-0.999914],
    [0.999905,-0.0071862,0.0117329]
  ],
  "lidar_transition_vector": [0.0690046, -0.00487172, -0.15865],
  "lidar_extrinsic": [
    [-0.17591195, -0.9840016, 0.02821108, -0.08982877],
    [-0.0060904, -0.02756952, -0.99960136, 0.01634772],
    [ 0.98438704, -0.17601363, -0.00114316, -0.02391074],
    [ 0, 0, 0, 1]
  ],
  "device_extrinsic": [
    [ 2.23849176e-01, 1.25282902e-01, -9.66538018e-01, 2.93273032e+01],
    [ 9.73537863e-01, 1.80588284e-02, 2.27811122e-01, -9.84504836e+00],
    [ 4.59953827e-02, -9.91956689e-01, -1.17925195e-01, 3.31741731e+00],
    [ 0.00000000e+00, 0.00000000e+00, 0.00000000e+00, 1.00000000e+00]
  ],
  "world_position": [
    {
      "key": "",
      "position": [0, 0, 0]
    }
  ],
  "saved_point_cloud_path": "F:/Python/GlobalRadar/backend/resource/pcd",
  "duration": 20,
  "wait_seconds": 0.1,
  "read_pcd_path": "demo_pc.pkl"
}